Workbook

Sheet 答题卡
A1: 学生个体问题评估·答题卡（45题）
A2: 学生姓名：________ 班级：________ 评估日期：________ 评估人：________
A4: 评分：5=几乎每天 | 4=经常(周3-4次) | 3=有时(周1-2次) | 2=很少(月1-2次) | 1=几乎没有
A6: 题号 | B6: 维度 | C6: 题目内容 | D6: ←填1-5分 | E6: 类型
A7: ▼ 第一部分：信号筛查（15题）—— 关注问题出现的频率
A8: 1 | B8: 安全防护 | C8: 是否有体罚、暴力或忽视迹象 | E8: 信号题
A9: 2 | B9: 安全防护 | C9: 是否被欺凌或明显排斥 | E9: 信号题
A10: 3 | B10: 学会学习 | C10: 是否有科目持续低于75分 | E10: 信号题
A11: 4 | B11: 学会学习 | C11: 作业是否经常不交或敷衍了事 | E11: 信号题
A12: 5 | B12: 学会学习 | C12: 是否需反复催促才开始学习任务 | E12: 信号题
A13: 6 | B13: 行为适应 | C13: 是否每天被点名提醒2次及以上 | E13: 信号题
A14: 7 | B14: 行为适应 | C14: 一周内是否发生肢体冲突 | E14: 信号题
A15: 8 | B15: 行为适应 | C15: 物品整理是否长期混乱、常丢东西 | E15: 信号题
A16: 9 | B16: 情绪管理 | C16: 是否从不或极少主动举手发言 | E16: 信号题
A17: 10 | B17: 情绪管理 | C17: 是否有与情境不成比例的强烈情绪 | E17: 信号题
A18: 11 | B18: 情绪管理 | C18: 是否常说「我不行」「我太笨了」 | E18: 信号题
A19: 12 | B19: 人际关系 | C19: 自由活动时间是否通常独自一人 | E19: 信号题
... A22: 15 | B22: 家庭环境 | C22: 家庭支持是否明显缺位 | E22: 信号题
A23: ▼ 第二部分：能力评估（30题）—— 关注能做到的频率
A24: 16 | B24: 自我意识 | C24: 能否准确说出自己的姓名、年龄、性别和所在班级 | E24: 能力题
A25: 17 | B25: 自我意识 | C25: 能否识别并说出自己当前的情绪状态（开心/生气/难过/害怕） | E25: 能力题
A26: 18 | B26: 自我意识 | C26: 能否说出自己的至少2个优点或擅长的事情 | E26: 能力题
A27: 19 | B27: 自我意识 | C27: 在做错事时能否承认自己的错误，不推卸责任 | E27: 能力题
A28: 20 | B28: 自我意识 | C28: 对自己的能力是否有基本信心，愿意尝试新任务 | E28: 能力题
A29: 21 | B29: 社会适应 | C29: 能否遵守课堂基本规则（举手发言、不随意离开座位） | E29: 能力题
A30: 22 | B30: 社会适应 | C30: 能否按时完成学校基本作息（准时到校、交作业、值日） | E30: 能力题
A31: 23 | B31: 社会适应 | C31: 在小组合作中能否完成分配的任务，配合他人工作 | E31: 能力题
A32: 24 | B32: 社会适应 | C32: 面对规则变化或临时调课时，能否适应而不表现过度焦虑 | E32: 能力题
A33: 25 | B33: 社会适应 | C33: 在不同教师的课堂上，行为是否基本一致 | E33: 能力题
A34: 26 | B34: 情绪管理 | C34: 情绪激动时，能否在教师或同伴安抚下逐渐平复 | E34: 能力题
A35: 27 | B35: 情绪管理 | C35: 能否用语言（而非哭闹/攻击/摔东西）表达情绪需求 | E35: 能力题
... A53: 45 | B53: 生涯认知 | C53: 对自己的课余兴趣是否有基本认知，能坚持参与至少一项 | E53: 能力题

Sheet 自动计算
A1: 十五型编码积分计算
A2: 规则：每题得分≥3 → 信号触发 → 权重累加到对应编码 → 积分≥5 = 激活
A4: 编码 | B4: 子类型 | C4: 信号来源 | D4: 触发数 | E4: 总积分 | F4: 激活? | G4: 类别
A5: A1 | B5: 注意力分散型 | C5: Q3(+3), Q4(+3), Q5(+3), Q6(+3), Q8(+3) | D5: =IF(答题卡!D11>=3,1,0)+IF(答题卡!D12>=3,1,0)+IF(答题卡!D13>=3,1,0)+IF(答题卡!D14>=3,1,0)+IF(答题卡!D16>=3,1,0) | E5: =IF(答题卡!D11>=3,3,0)+IF(答题卡!D12>=3,3,0)+IF(答题卡!D13>=3,3,0)+IF(答题卡!D14>=3,3,0)+IF(答题卡!D16>=3,3,0) | F5: =IF(E5>=5,"✓ 激活","—") | G5: 第A类
A6: A2 | B6: 动机缺失型 | C6: Q4(+3), Q5(+5) | D6: =IF(答题卡!D12>=3,1,0)+IF(答题卡!D13>=3,1,0) | E6: =IF(答题卡!D12>=3,3,0)+IF(答题卡!D13>=3,5,0) | F6: =IF(E6>=5,"✓ 激活","—") | G6: 第A类
A7: A3 | B7: 技能不足型 | C7: Q3(+5) | D7: =IF(答题卡!D11>=3,1,0) | E7: =IF(答题卡!D11>=3,5,0) | F7: =IF(E7>=5,"✓ 激活","—") | G7: 第A类
A8: B1 | B8: 课堂纪律型 | C8: Q6(+5) | D8: =IF(答题卡!D14>=3,1,0) | E8: =IF(答题卡!D14>=3,5,0) | F8: =IF(E8>=5,"✓ 激活","—") | G8: 第B类
A9: B2 | B9: 规则习惯型 | C9: Q4(+5), Q8(+5) | D9: =IF(答题卡!D12>=3,1,0)+IF(答题卡!D16>=3,1,0) | E9: =IF(答题卡!D12>=3,5,0)+IF(答题卡!D16>=3,5,0) | F9: =IF(E9>=5,"✓ 激活","—") | G9: 第B类
A10: B3 | B10: 攻击冲动型 | C10: Q7(+5), Q10(+3) | D10: =IF(答题卡!D15>=3,1,0)+IF(答题卡!D18>=3,1,0) | E10: =IF(答题卡!D15>=3,5,0)+IF(答题卡!D18>=3,3,0) | F10: =IF(E10>=5,"✓ 激活","—") | G10: 第B类
A11: C1 | B11: 焦虑退缩型 | C11: Q2(+3), Q9(+5), Q11(+3), Q12(+3) | D11: =IF(答题卡!D10>=3,1,0)+IF(答题卡!D17>=3,1,0)+IF(答题卡!D19>=3,1,0)+IF(答题卡!D20>=3,1,0) | E11: =IF(答题卡!D10>=3,3,0)+IF(答题卡!D17>=3,5,0)+IF(答题卡!D19>=3,3,0)+IF(答题卡!D20>=3,3,0) | F11: =IF(E11>=5,"✓ 激活","—") | G11: 第C类
A12: C2 | B12: 情绪调节型 | C12: Q10(+5), Q14(+3) | D12: =IF(答题卡!D18>=3,1,0)+IF(答题卡!D22>=3,1,0) | E12: =IF(答题卡!D18>=3,5,0)+IF(答题卡!D22>=3,3,0) | F12: =IF(E12>=5,"✓ 激活","—") | G12: 第C类
A13: C3 | B13: 低自尊型 | C13: Q9(+3), Q11(+5) | D13: =IF(答题卡!D17>=3,1,0)+IF(答题卡!D19>=3,1,0) | E13: =IF(答题卡!D17>=3,3,0)+IF(答题卡!D19>=3,5,0) | F13: =IF(E13>=5,"✓ 激活","—") | G13: 第C类
A14: D1 | B14: 同伴冲突型 | C14: Q2(+5), Q7(+3) | D14: =IF(答题卡!D10>=3,1,0)+IF(答题卡!D15>=3,1,0) | E14: =IF(答题卡!D10>=3,5,0)+IF(答题卡!D15>=3,3,0) | F14: =IF(E14>=5,"✓ 激活","—") | G14: 第D类
A15: D2 | B15: 社交退缩型 | C15: Q12(+5), Q13(+3) | D15: =IF(答题卡!D20>=3,1,0)+IF(答题卡!D21>=3,1,0) | E15: =IF(答题卡!D20>=3,5,0)+IF(答题卡!D21>=3,3,0) | F15: =IF(E15>=5,"✓ 激活","—") | G15: 第D类
A16: D3 | B16: 技能缺失型 | C16: Q13(+5) | D16: =IF(答题卡!D21>=3,1,0) | E16: =IF(答题卡!D21>=3,5,0) | F16: =IF(E16>=5,"✓ 激活","—") | G16: 第D类
A17: E1 | B17: 亲子紧张型 | C17: Q14(+5) | D17: =IF(答题卡!D22>=3,1,0) | E17: =IF(答题卡!D22>=3,5,0) | F17: =IF(E17>=5,"✓ 激活","—") | G17: 第E类
A18: E2 | B18: 教养不当型 | C18: Q1(+5), Q15(+3) | D18: =IF(答题卡!D9>=3,1,0)+IF(答题卡!D23>=3,1,0) | E18: =IF(答题卡!D9>=3,5,0)+IF(答题卡!D23>=3,3,0) | F18: =IF(E18>=5,"✓ 激活","—") | G18: 第E类
A19: E3 | B19: 支持缺位型 | C19: Q1(+3), Q15(+5) | D19: =IF(答题卡!D9>=3,1,0)+IF(答题卡!D23>=3,1,0) | E19: =IF(答题卡!D9>=3,3,0)+IF(答题卡!D23>=3,5,0) | F19: =IF(E19>=5,"✓ 激活","—") | G19: 第E类
A21: 六维能力等级计算
A22: 规则：每维度5题求和 → A(≥22) / B(18-21) / C(13-17) / D(8-12) / E(≤7)
A23: 维度 | B23: 题目 | C23: 总分(25) | D23: 等级 | E23: 需关注?
A24: 自我意识 | B24: Q16-Q20 | C24: =SUM(答题卡!D24:D28) | D24: =IF(C24>=22,"A",IF(C24>=18,"B",IF(C24>=13,"C",IF(C24>=8,"D","E")))) | E24: =IF(OR(D24="D",D24="E"),"⚠ D/E","—")
A25: 社会适应 | B25: Q21-Q25 | C25: =SUM(答题卡!D29:D33) | D25: =IF(C25>=22,"A",IF(C25>=18,"B",IF(C25>=13,"C",IF(C25>=8,"D","E")))) | E25: =IF(OR(D25="D",D25="E"),"⚠ D/E","—")
A26: 情绪管理 | B26: Q26-Q30 | C26: =SUM(答题卡!D34:D38) | D26: =IF(C26>=22,"A",IF(C26>=18,"B",IF(C26>=13,"C",IF(C26>=8,"D","E")))) | E26: =IF(OR(D26="D",D26="E"),"⚠ D/E","—")
A27: 人际关系 | B27: Q31-Q35 | C27: =SUM(答题卡!D39:D43) | D27: =IF(C27>=22,"A",IF(C27>=18,"B",IF(C27>=13,"C",IF(C27>=8,"D","E")))) | E27: =IF(OR(D27="D",D27="E"),"⚠ D/E","—")
A28: 学会学习 | B28: Q36-Q40 | C28: =SUM(答题卡!D44:D48) | D28: =IF(C28>=22,"A",IF(C28>=18,"B",IF(C28>=13,"C",IF(C28>=8,"D","E")))) | E28: =IF(OR(D28="D",D28="E"),"⚠ D/E","—")
A29: 生涯认知 | B29: Q41-Q45 | C29: =SUM(答题卡!D49:D53) | D29: =IF(C29>=22,"A",IF(C29>=18,"B",IF(C29>=13,"C",IF(C29>=8,"D","E")))) | E29: =IF(OR(D29="D",D29="E"),"⚠ D/E","—")
A30: 汇总 | B30: D/E维度数 | C30: =COUNTIF(E24:E29,"⚠ D/E")
B31: 已激活编码数 | C31: =COUNTIF(F5:F19,"✓ 激活")
B32: 已激活编码 | C32: =IF(IF(F5="✓ 激活",A5&"、","")&IF(F6="✓ 激活",A6&"、","")&IF(F7="✓ 激活",A7&"、","")&IF(F8="✓ 激活",A8&"、","")&IF(F9="✓ 激活",A9&"、","")&IF(F10="✓ 激活",A10&"、","")&IF(F11="✓ 激活",A11&"、","")&IF(F12="✓ 激活",A12&"、","")&IF(F13="✓ 激活",A13&"、","")&IF(F14="✓ 激活",A14&"、","")&IF(F15="✓ 激活",A15&"、","")&IF(F16="✓ 激活",A16&"、","")&IF(F17="✓ 激活",A17&"、","")&IF(F18="✓ 激活",A18&"、","")&IF(F19="✓ 激活",A19&"、","")="","",LEFT(IF(F5="✓ 激活",A5&"、","")&IF(F6="✓ 激活",A6&"、","")&IF(F7="✓ 激活",A7&"、","")&IF(F8="✓ 激活",A8&"、","")&IF(F9="✓ 激活",A9&"、","")&IF(F10="✓ 激活",A10&"、","")&IF(F11="✓ 激活",A11&"、","")&IF(F12="✓ 激活",A12&"、","")&IF(F13="✓ 激活",A13&"、","")&IF(F14="✓ 激活",A14&"、","")&IF(F15="✓ 激活",A15&"、","")&IF(F16="✓ 激活",A16&"、","")&IF(F17="✓ 激活",A17&"、","")&IF(F18="✓ 激活",A18&"、","")&IF(F19="✓ 激活",A19&"、",""),LEN(IF(F5="✓ 激活",A5&"、","")&IF(F6="✓ 激活",A6&"、","")&IF(F7="✓ 激活",A7&"、","")&IF(F8="✓ 激活",A8&"、","")&IF(F9="✓ 激活",A9&"、","")&IF(F10="✓ 激活",A10&"、","")&IF(F11="✓ 激活",A11&"、","")&IF(F12="✓ 激活",A12&"、","")&IF(F13="✓ 激活",A13&"、","")&IF(F14="✓ 激活",A14&"、","")&IF(F15="✓ 激活",A15&"、","")&IF(F16="✓ 激活",A16&"、","")&IF(F17="✓ 激活",A17&"、","")&IF(F18="✓ 激活",A18&"、","")&IF(F19="✓ 激活",A19&"、",""))-1))

Sheet 结果报告
A1: 学生个体问题评估·结果报告
A2: 由答题卡自动生成 | 学生姓名：________ | 班级：________
A4: 一、十五型编码结果
A5: 编码 | B5: 子类型 | C5: 积分 | D5: 状态
A6: A1 | B6: 注意力分散型 | C6: =自动计算!E5 | D6: =自动计算!F5
A7: A2 | B7: 动机缺失型 | C7: =自动计算!E6 | D7: =自动计算!F6
A8: A3 | B8: 技能不足型 | C8: =自动计算!E7 | D8: =自动计算!F7
A9: B1 | B9: 课堂纪律型 | C9: =自动计算!E8 | D9: =自动计算!F8
A10: B2 | B10: 规则习惯型 | C10: =自动计算!E9 | D10: =自动计算!F9
A11: B3 | B11: 攻击冲动型 | C11: =自动计算!E10 | D11: =自动计算!F10
A12: C1 | B12: 焦虑退缩型 | C12: =自动计算!E11 | D12: =自动计算!F11
A13: C2 | B13: 情绪调节型 | C13: =自动计算!E12 | D13: =自动计算!F12
A14: C3 | B14: 低自尊型 | C14: =自动计算!E13 | D14: =自动计算!F13
A15: D1 | B15: 同伴冲突型 | C15: =自动计算!E14 | D15: =自动计算!F14
A16: D2 | B16: 社交退缩型 | C16: =自动计算!E15 | D16: =自动计算!F15
A17: D3 | B17: 技能缺失型 | C17: =自动计算!E16 | D17: =自动计算!F16
... A20: E3 | B20: 支持缺位型 | C20: =自动计算!E19 | D20: =自动计算!F19
A22: 二、六维能力等级
A23: 维度 | B23: 总分(25) | C23: 等级 | D23: 需关注?
A24: 自我意识 | B24: =自动计算!C24 | C24: =自动计算!D24 | D24: =自动计算!E24
A25: 社会适应 | B25: =自动计算!C25 | C25: =自动计算!D25 | D25: =自动计算!E25
A26: 情绪管理 | B26: =自动计算!C26 | C26: =自动计算!D26 | D26: =自动计算!E26
A27: 人际关系 | B27: =自动计算!C27 | C27: =自动计算!D27 | D27: =自动计算!E27
A28: 学会学习 | B28: =自动计算!C28 | C28: =自动计算!D28 | D28: =自动计算!E28
A29: 生涯认知 | B29: =自动计算!C29 | C29: =自动计算!D29 | D29: =自动计算!E29
A31: 三、五级响应判定
A32: 安全Q1 | B32: Q1(体罚/暴力)≥4分 → 安全预警 | C32: =IF(答题卡!D9>=4,"🔴触发","—")
A33: 安全Q2 | B33: Q2(欺凌/排斥)≥4分 → 安全预警 | C33: =IF(答题卡!D10>=4,"🔴触发","—")
A34: 编码数 | B34: 已激活编码数量 | C34: =自动计算!C31
A35: DE数 | B35: 能力D/E维度数量 | C35: =自动计算!C30
A37: 🔴 红色 | B37: 紧急响应：安全风险或E2激活 | C37: =IF(OR(答题卡!D9>=4,答题卡!D10>=4,自动计算!F18="✓ 激活"),"🔴 红色·紧急响应","")
A38: 🟠 橙色 | B38: 高响应：信号+能力双路确认 | C38: =IF(AND(C37="",OR(AND(C34>=1,C35>=1))),"🟠 橙色·高响应","")
A39: 🟡 黄色 | B39: 中响应：多信号或多短板 | C39: =IF(AND(C37="",C38="",OR(C34>=2,C35>=2)),"🟡 黄色·中响应","")
A40: 🔵 蓝色 | B40: 低风险：单一信号或单一短板 | C40: =IF(AND(C37="",C38="",C39="",OR(C34=1,C35=1)),"🔵 蓝色·低风险","")
A41: 🟣 紫色 | B41: 待观察：无明确信号，发展正常 | C41: =IF(AND(C37="",C38="",C39="",C40=""),"🟣 紫色·待观察","")
A43: 📋 最终响应级别 | B43: =IF(C37<>"",C37,IF(C38<>"",C38,IF(C39<>"",C39,IF(C40<>"",C40,C41))))
